bookName,authors,ISBN,publishYear,rating
Like Mike,Catha Gapper,334857066-2,2011,5.82
Bundle of Joy,Elsa Gilbey,077775678-1,1994,5.32
Hot Millions,Issy Jammes,434912333-4,2004,4.35
Games People Play: New York,Caldwell Wigley,607224286-3,2003,7.44
Mr. Average,Thalia Pedrocchi,990209680-8,2003,3.58
"¡Alambrista! (Illegal, The)",Anitra McEneny,714308333-X,2010,3.34
Trancers III,Phillipe Baythrop,533410520-4,1993,5.57
Rawhead Rex,Betsy Wardesworth,935631293-1,2012,5.06
"Boy and the Pirates, The",Pepillo Seamen,011527358-1,2006,2.14
Flowers in the Attic,Worthy McGlade,608716922-9,2010,4.54
Wake of the Red Witch,Shirline Rolf,623623927-4,2011,2.6
From the East (D'Est),Leonanie Doulden,451845799-4,2010,1.54
Stark Raving Mad,Roseann Allbones,157987638-2,2007,7.61
Neighbors,Cecile Buzek,179565467-8,2000,9.38
"Ballad of the Sad Cafe, The",Caterina Sondland,179151075-2,1992,9.35
Nurse 3D,Korney Chopy,527028147-3,2006,6.34
"Express, The",Lawrence MacRorie,354590083-5,2008,6.65
Docking the Boat (Att angöra en brygga),Petronella De la Yglesias,068555267-5,2006,6.61
Small Town Murder Songs,Bald Dilon,713304408-0,1993,2.65
"Party 2, The (Boum 2, La)",Paulita Wolfendell,179773911-5,2012,6.28
Ringers: Lord of the Fans,Pansy Hannaby,849488402-6,1993,6.25
Daddy Day Care,Liane Fellman,569636737-2,1994,6.82
"Hills Have Eyes Part II, The",Auguste Fer,613462069-6,1975,3.38
Everything Must Go,Delila McClinton,054813253-4,2009,1.85
Nekromantik 2,Queenie Spykins,361431712-9,2010,7.85
Sophia de Mello Breyner Andresen,Herc Feilden,587541941-5,2000,3.94
Insomnia,Kendra Holby,512890122-X,1997,5.98
Gypsy 83,Cristiano Germon,349412094-3,2008,8.77
Hannah Montana: The Movie,Lucius Wason,830943164-3,1992,5.43
"Red and the White, The (Csillagosok, katonák)",Shamus Skey,878679372-1,2011,9.67
Arabian Nights (Il fiore delle mille e una notte),Lion Balser,212238216-3,2010,3.37
The Golden Eye,Emilie Sandison,591934617-5,2003,7.83
Salvation Boulevard,Valerye Dowdall,436174522-6,1992,8.63
Steamboat Willie,Pandora Dunniom,957496911-8,2005,2.49
Bottle Shock,Leola Saiz,603361035-0,2006,9.37
Street Fighter: Assassin's Fist,Timothea Lappin,742082378-2,2008,2.12
Rails & Ties,Rob Linzey,707162795-9,1993,9.65
"Clean, Shaven",Nadiya Jennens,310788248-8,1985,5.12
Yes: 9012 Live,Vassili Nehls,506631727-9,2012,6.62
"Face of Another, The (Tanin no kao)",Britney de Amaya,695953103-9,2004,5.69
Never Met Picasso,Joella Enden,793744191-7,2009,6.01
Singin' in the Rain,Boony Haack,305391374-7,2006,4.25
But I'm a Cheerleader,Markus Obington,733449423-7,2010,3.22
"Girl on the Train, The",Eula Neillans,111845965-2,1998,3.55
The Hunger Games: Mockingjay - Part 1,Magdalene Tattam,909189031-2,2001,1.37
Cyrano de Bergerac,Vin Reynold,710079341-6,2000,3.95
"Clearing, The",Sharla Warland,638118271-7,1988,4.56
"Oh, God!",Ransell Mattioli,958657553-5,2007,2.59
Zeder,Eward Bathurst,098313822-2,1994,2.23
Satin Rouge,Mindy Gatiss,973854225-1,1996,6.43
Shadow of a Doubt,Bentley Curuclis,767354600-0,1986,8.01
Ambush (Mai fu),Baird Geelan,170711092-1,2003,6.76
Born Yesterday,Gina Rutherford,825476397-6,1973,7.85
"Wild Bees, The (Divoké vcely)",Kirbie Choake,481791594-3,1995,1.83
Crazy Beautiful You,Sherill Passingham,794662717-3,2006,1.65
Lipstick,Lorene Cabena,287613919-7,2012,2.94
Whoopi Goldberg Presents Moms Mabley,Anabelle Nerger,379437878-4,2002,6.03
"Louise Bourgeois: The Spider, the Mistress and the Tangerine",Bobby Robbins,278375165-8,1996,9.61
That Forsyte Woman,Jewelle Trewhella,238759818-0,1992,2.71
Moment by Moment,Winifield Domanski,518595595-3,1984,7.4
Little Miss Sunshine,Sawyere Perritt,789003591-8,2009,7.82
Grandma's Boy,Claudine Burnup,461310452-1,1984,6.71
Combien Tu M'aimes? (How Much Do You Love Me?),Lindon Wivell,029181500-6,2010,5.39
Primeval,Frank Gregore,559746980-0,2007,3.24
Shakespeare High,Bord Selcraig,527774257-3,2004,4.03
"Escape Artist, The",Markos Firk,341217237-5,2005,4.7
Ama lur (Tierra Madre),Anett MacGille,692491145-5,2008,8.35
Mistaken for Strangers,Aube Kroin,208700111-1,1993,9.35
"Woman of Paris, A",Gino Abbes,487094496-0,2004,6.08
High School Hellcats,Gizela Lappin,901643135-7,1994,4.08
Carmina or Blow Up (Carmina o revienta),Lauree Morrall,167356868-8,2008,1.28
Final Fantasy: The Spirits Within,Fitz Leman,663620862-7,2002,5.62
Cheaper by the Dozen 2,Olga Flanaghan,747099974-4,2002,6.97
How to Eat Your Watermelon in White Company (and Enjoy It),Dedra Boreham,566315219-9,2012,4.57
"Visit, The",Dirk Lante,239133260-2,2006,8.12
"Few Good Men, A",Aila Gaukroger,922004846-9,2008,3.32
Blablablá,Whitney McAirt,099741158-9,2008,6.81
Guru,Miller Calles,692722253-7,2003,9.73
"Toxic Avenger, The",Mitchael Endicott,931631564-6,1988,5.7
Tabu: A Story of the South Seas,Craig Hallgalley,861131541-3,1997,9.04
Saw IV,Gavin Feria,686753797-9,1989,6.57
R,Gerda Cossins,195937529-6,1993,7.18
Skins,Andi Brightling,171331592-0,1992,9.24
Billu,Dennie Elsbury,785625871-3,1995,7.33
"Pont du Nord, Le",Bank Rude,188980693-5,1996,2.42
Cat's Eye,Fawnia Swinley,665336755-X,2007,2.55
Airheads,Richy Lerner,246083281-8,1998,2.8
"Odds, The",Helge Szymaniak,877368823-1,1994,2.42
Shanghai Kiss,Shir Mahaffey,516728616-6,2011,6.47
"Children Are Watching Us, The (Bambini ci guardano, I)",Erasmus Cleminson,659769021-4,2006,1.6
"Hideous Sun Demon, The",Conni Maliffe,485232241-4,2008,9.02
Charlie Chan Carries On,Dall O'Gorman,359277189-2,2004,9.08
Othello,Levy Mollin,959016581-8,2001,7.53
Corvette Summer,Bearnard Kempson,206846539-6,2005,2.64
Hot Lead and Cold Feet,Leeland Methven,495500434-2,2009,2.43
Seraphim Falls,Drusilla Gerhold,024689702-3,2012,3.7
Peaceful Warrior,Rosemarie Lodder,475822566-4,1999,5.48
"Madness of King George, The",Raymond Dabling,011292766-1,1983,4.18
Ivan's Childhood (a.k.a. My Name is Ivan) (Ivanovo detstvo),Sydel Prince,537293299-6,2004,9.76
Spider-Man: The Ultimate Villain Showdown,Edvard MacCombe,359990489-8,2006,3.69
"Autumn Afternoon, An (Sanma no aji)",Alis Lawranson,656290999-6,2006,1.86
Rat,Daisi Thumann,897629802-0,2010,9.82
Bronies: The Extremely Unexpected Adult Fans of My Little Pony,Tressa Goard,120064383-6,2000,2.8
Unmade Beds,Raimondo Seedull,407714535-X,2008,2.99
Moontide,Gavrielle Malloy,308190992-9,1992,5.69
Return from Witch Mountain,Max Gerkens,710922370-1,2000,8.74
Disaster L.A.,Trixy de Castelain,524017014-2,1974,7.99
"Warriors, The",Loy Fairlamb,592540620-6,1996,8.76
Crazy Sexy Cancer,Robinette Ballchin,013928598-9,1991,4.21
Savages,Nigel Jallin,763967184-1,2006,9.27
A.K.,Ellene Goldby,820918012-6,1999,7.3
Lady in the Lake,Keven Raggatt,829110865-X,2007,7.91
Snow White,Dulciana Cheverton,032371876-0,2003,4.74
"No Deposit, No Return",Teodoor Pavey,984796955-8,1994,8.72
"Package, The",Kirbee Ousley,867609924-3,2009,1.24
Thesis (Tesis),Dieter Gullberg,122191192-9,1995,3.02
Psych-Out,Chadwick Scotchbourouge,857487892-8,2008,5.25
Park Row,Howie Bower,801487644-X,1992,1.72
Bomb the System,Natalee Balser,873622347-6,1989,1.36
Under Siege,Iggy Grattan,002147733-7,2003,3.31
White Bird in a Blizzard,Rodina Benedicte,782549944-1,2008,7.34
Gordy,Ryan Pearcehouse,787973267-5,2009,1.13
"Killing of America, The",Merrili Portwain,593462884-4,2007,2.47
"Ace High (Quattro dell'Ave Maria, I)",Nadya Bartali,771629528-4,1999,4.56
Straight from the Heart,Hyman Cumpton,921771735-5,2006,2.55
Garbage Warrior,Ramonda Henbury,897042065-7,2012,2.58
Kissed,Nydia Chezier,869980038-X,2006,8.02
"Fourth State, The (Die vierte Macht)",Kayla Gelland,537084281-7,1971,2.69
Star Wars Uncut: Director's Cut,Freemon Boase,969392837-7,1997,9.37
Far Out Man,Pepillo Normavell,769015283-X,1987,2.43
Insomnia,Binky Mulqueeny,937773985-3,1999,8.84
"Fists in the Pocket (Pugni in tasca, I)",Irena Attreed,960620413-8,2003,9.27
"Crocodile Hunter: Collision Course, The",Gale Levey,093910594-2,2003,7.5
Kid Millions,Geralda Kubas,924095688-3,2009,1.72
"Lost, The",Olenolin Henriet,547864298-3,2008,1.73
Incident at Loch Ness,Cristina Pendlebery,894633392-8,2008,7.49
In the Mirror of Maya Deren (Im Spiegel der Maya Deren),Franni Berardt,168901708-2,1998,4.69
Van Gogh,Alecia Paddison,021495183-9,2006,9.34
"Emperor's New Clothes, The",Mariele Spiby,249005911-4,2007,8.22
Table No.21,Gherardo Monget,166127960-0,1989,7.29
Lady Vengeance (Sympathy for Lady Vengeance) (Chinjeolhan geumjassi),Ethan Casino,987235444-8,2005,7.23
"Towering Inferno, The",Dareen McBrearty,866349073-9,2012,5.89
Bulletproof Monk,Gunilla Boij,088517071-7,1987,1.45
Billy Jack Goes to Washington,Bryana Scaplehorn,381842435-7,2006,5.62
"Truth or Consequences, N.M.",Artair Ridsdole,035562722-1,2002,9.42
Sugarbaby,Natty Sings,847981753-4,2007,8.25
Gentlemen of Fortune (Dzhentlmeny udachi),Florence Bachelor,555287342-4,2003,8.83
Angel's Leap,Harley Cawse,696708081-4,2007,2.91
Detention,Federico Cashley,994560329-9,2011,8.9
"Seventh Veil, The",Millicent Dene,046452592-6,2009,5.85
There's Always A Woman,Marijn Arundell,782466506-2,2007,6.86
Persona non grata,Gratiana Kyberd,881909032-5,2000,2.79
Macbeth,Audrie McGoogan,013513340-8,2013,9.73
Glengarry Glen Ross,Webb Tokley,220699436-4,1964,4.27
"Uninvited, The",Jami Keilloh,651890881-5,2012,2.35
Death Rides a Horse (Da uomo a uomo),Thor Curd,527556300-0,2004,1.42
Phantasm III: Lord of the Dead,Ethelin Robbe,766931869-4,2004,7.88
House at the End of the Street,Carol Klebes,418415833-1,2001,7.63
Satyricon,Oliy Navarijo,363903703-0,2010,2.28
Jeremy,Kelsy Ribey,880931054-3,1995,6.3
Where East Is East,Walliw Fattorini,881285520-2,1994,3.05
Kikujiro (Kikujirô no natsu),Jesselyn O'Riordan,019316853-7,1992,2.47
Match Point,Beale Kobelt,949391080-6,2009,9.46
Psycho,Cayla Martindale,032832012-9,1993,4.03
"Letter, The",Reginald Pettett,701463219-1,2009,5.09
"Getting Go, the Go Doc Project",Mickie Attaway,441339213-2,1989,2.04
Battle Royale 2: Requiem (Batoru rowaiaru II: Chinkonka),Vita Arendsen,442985303-7,2003,3.83
"Frozen Ground, The",Morgen Redholes,505386653-8,2003,3.68
"Lost Reels of Pancho Villa, The (Los rollos perdidos de Pancho Villa)",Tersina Dilon,130295973-5,2000,4.61
I Shot Andy Warhol,Andrea Petrelli,000379840-2,2011,2.63
Rampage,Marcelle Densun,725993582-0,2006,2.17
20 Years After,Dulcie Blondelle,987040312-3,2009,6.51
Ellie Parker,Cyndie Fippe,424948194-8,1998,5.49
My Architect: A Son's Journey,Mellicent Vader,458104661-0,1997,6.38
"Corbeau, Le (Raven, The)",Romonda Ogan,029948233-2,1994,6.31
Her Master's Voice,Geralda Clappson,095428239-6,1990,4.77
Hukkle,Celie Tabary,912022799-X,1988,4.88
"Gas, Inspector Palmu! (Kaasua, komisario Palmu!)",Bud Lassetter,266168967-2,1988,5.71
Blind Massage (Tui na),Sayre Brandle,251471582-2,1985,6.96
Tooth Fairy 2,Gisele Samworth,740648979-X,1995,5.5
"Minus Man, The",Yetta Milkin,802479237-0,1992,9.02
"Eye for an Eye, An (Silmä silmästä)",Beret Welburn,756744070-9,1999,9.91
Ilo Ilo,Francis Bachs,048275643-8,2008,5.74
Somersault,Mahala Ratley,703341601-6,2005,2.09
Mitt,Osbourn Sackes,449249296-8,2010,7.98
Dodes'ka-den (Clickety-Clack),Andrey Grzeszczak,818886768-3,1994,5.3
Madison Avenue,Starlene Baumford,506177126-5,2001,8.57
Generation War,Berry Jendrys,935465008-2,2003,5.97
Up the Sandbox,Kristi Agget,347698242-4,2007,5.16
The Nativity,Dickie Abethell,772433882-5,2005,2.49
"Family Thing, A",Rossie Ranahan,337241032-7,1992,2.65
Get Out of My Room,Malissia Instone,115619288-9,1994,2.53
"Kid, The",Pall Seyers,846105458-X,2004,8.38
100 Bloody Acres,Natka Signore,029963800-6,1995,4.63
Uprising,Kirstyn Fairlam,629084847-X,1992,4.69
"Wedding Photographer, The (Bröllopsfotografen)",Annabell McCalister,298149269-1,1993,7.46
Ghosts of the Abyss,Adda Toohey,530968386-0,2005,9.54
Mascara,Andris Rasp,898072133-1,1986,6.61
Whitewash,Corrina Cayley,998268391-8,1994,3.66
Back to the Future Part III,Becca Brinklow,293754486-X,1992,2.81
"Perfect Candidate, A",Lari le Keux,268014934-3,2000,6.05
Rainbow Valley,Ambrosio Androsik,158018520-7,2009,2.07
Dollman vs. Demonic Toys,Nissie Denning,005733032-8,2004,9.39
"Dead Pool, The",Luisa Grzeszczak,611063032-2,2008,8.81
The Natural Love,Halli Mityushkin,116106126-6,2000,5.75
Caged,Lurlene Liell,248876065-X,2006,8.94
"Truth About Charlie, The",Erick Briggs,671279062-X,2010,6.39
3 Blind Mice,Torey Kippen,839376197-2,2006,9.06
Summer Storm (Sommersturm),Parnell Cabane,854987061-7,1988,2.61
Troma's War ,Neile Barthram,100420592-9,1993,7.68
Restless,Julio Kunert,189103275-5,2005,8.18
Forever Yours (Ikuisesti sinun),Estella Gozzett,091068605-X,2000,5.75
An Alligator Named Daisy,Moss Iacomelli,617323314-2,1996,1.24
Daisies (Sedmikrasky),Shem Burgoyne,257271988-6,1993,1.37
Diary of a Nymphomaniac (Diario de una Ninfómana),Zebedee Draysey,661928637-2,2000,1.26
Extremities,Samuele Jorger,169630792-9,1992,2.55
"Fairly Odd Christmas, A",Lorrie Lynagh,953346937-4,1998,3.86
Pardon Us,Elyssa Potebury,219614421-5,2006,9.64
SherryBaby,Elnar Yurshev,263214532-5,2011,3.88
Wetherby,Charisse Lanham,890935995-1,1999,3.94
Story of My Death,Seana Thunderchief,409456754-2,1999,6.82
"Land Without Bread (Hurdes, tierra sin pan, Las)",Ulrick Kos,411461195-9,2002,4.8
"Battle of the Sexes, The",Donia Insall,380679300-X,2003,3.77
Big Buck Bunny,Stefania Ingham,091055664-4,1997,3.9
Wall Street,Lita Broxup,882638484-3,2011,1.34
Kink,Karim Emig,954331960-X,2012,2.38
Donos de Portugal,Rodney Gadsden,807535863-5,2001,4.57
A Master Builder,Brett Jockle,081220915-X,2010,9.73
"Babe, The",Katerine Beyne,246669586-3,2012,8.6
Lipstick,Antonie MacDuff,308937791-8,1992,8.57
Head in the Clouds,Merell Gronav,970229355-3,2004,5.43
"Girl on the Train, The",Fidela Dennerly,682923059-4,1987,1.77
Monty Python Live at the Hollywood Bowl,Kirstyn Golden of Ireland,912138967-5,2013,8.09
Family Honeymoon,Ansell Corrison,283948292-4,2001,1.57
"Bitter Tears of Petra von Kant, The (bitteren Tränen der Petra von Kant, Die)",Estel Hayland,385577488-9,1987,6.08
Dog Park,Murray Guyver,226116159-X,2010,1.75
King of Devil's Island (Kongen av Bastøy) ,Taber Drakes,940885358-X,1995,9.28
Insanitarium,Dex Temporal,335973119-0,1998,7.08
Gideon's Army,Ambrose Brickwood,016016299-8,1999,7.91
"World according to Ion B., The (Lumea vazuta de Ion B)",Paulie MacWhan,085658268-9,2001,4.92
"Russell Peters: Red, White and Brown",Merle Terram,245717369-8,2002,2.26
Black Sunday (La maschera del demonio),Isabelita Howley,302224914-4,1987,3.22
Living in Oblivion,Harley Wickie,517117498-9,2012,6.64
True Crime,Shaine Bickley,062807955-9,1996,2.46
Animal Crackers,Tibold Terrelly,502772529-9,2000,5.22
Gate of Flesh (Nikutai no mon),Timmie Randalston,973165766-5,1987,4.39
Soapdish,Jarred Olech,420398822-5,2011,1.66
Bicentennial Man,Stanleigh Hutcheson,670612411-7,2005,3.87
Fire in the Blood,Kathi Caslin,077520910-4,2003,7.65
Faithless,Pierrette Cayle,015505865-7,2001,7.63
Regret to Inform,Bradford Duerden,404255309-5,1990,3.75
Beethoven's 3rd,Micheil Moreby,993968417-7,2004,7.12
Sky Captain and the World of Tomorrow,Consalve Jemison,859503412-5,2004,8.95
Leprechaun 3,Sher Bortolotti,189263618-2,2004,7.63
Horrible Bosses 2,Grata Clay,357142286-4,1989,2.04
By the Pricking of My Thumbs (Mon petit doigt m'a dit...),Jaimie Hulburt,713431477-4,2005,1.01
Rush: Beyond the Lighted Stage,Essie Skells,397693101-2,2007,8.92
"Exorcist, The",Hewe Spellessy,519239724-3,1997,5.11
Ransom (a.k.a. The Terrorists),Esme Poupard,526650008-5,2006,9.83
Trekkies 2,Charyl Fisbey,959328006-5,1992,9.94
Prata Palomares,Jemimah Eskriett,664077603-0,2005,5.83
Common Places (a.k.a. Common Ground) (Lugares comunes),Carlin Pfaffe,150369219-1,2004,1.12
In Like Flint,Anitra Foddy,363861905-2,2000,9.04
Along Came Jones,Kym Swiffin,052216734-9,2006,3.79
Olympia Part One: Festival of the Nations (Olympia 1. Teil - Fest der Völker),Artie Rosenblatt,381005826-2,2003,3.96
Ethan Frome,Dorella Fulbrook,888312138-4,2005,8.64
Murder by Proxy: How America Went Postal,Emmit Faivre,086169717-0,2012,9.32
"Cutting Edge: Going for the Gold, The",Flynn Sawart,673815995-1,2010,6.98
Man of the House,Marion Ennals,695343983-1,2003,8.65
Sabrina,Siegfried Daws,667445469-9,1992,2.07
Serpico,Bartel Magson,071454057-9,2001,4.61
Les Tuche,Meredeth Tunnow,610285995-2,1996,9.5
Undocumented,Ignacio Corbet,024047159-8,1994,7.35
"Girl in the Red Velvet Swing, The",Riane Grunder,925619773-1,2009,6.18
Flawless,Nannette Hamsson,582596345-6,1998,4.66
The Man Who Could Cheat Death,Homerus FitzAlan,454363813-1,1994,2.99
Longtime Companion,Broderic Maslin,699541298-2,1990,4.15
1939: Hollywood's Greatest Year,Vickie Younglove,107798208-9,2011,2.42
Hotel Rwanda,Bar Yesinin,215223074-4,1993,1.45
K-19: The Widowmaker,Lynnette Abernethy,001076096-2,2003,5.99
Rebirth of Mothra,Anette Moorton,300040996-3,2012,9.68
"Man Called Horse, A",Eveline Mahody,678510650-8,1993,4.24
"Little Girl Who Conquered Time, The (Toki o kakeru shôjo)",Giles Yukhnov,652001713-2,1992,7.54
Up Periscope,Patrica Stoffersen,894634971-9,1996,3.18
When We Leave (Die Fremde),Pavia Stickles,300800937-9,2004,2.95
A Night at the Movies: The Suspenseful World of Thrillers,Araldo Callinan,577457377-X,1992,8.65
Domino,Camile Shippam,718909137-8,2007,1.94
"Suddenly, Last Summer",Pearce Innwood,157574519-4,1999,8.75
Promised Land,Dominik Hehnke,435877014-2,1992,9.22
"For a Good Time, Call...",Major Rubel,575247856-1,2007,2.42
The Unexpected Love,Kiah Donwell,158735153-6,1994,2.66
"Card Player, The (Il cartaio)",Evie Godridge,682822586-4,1989,5.51
Blue Smoke,Dulcea Gillfillan,099089930-6,1993,4.84
Dreamland,Alvan Glennie,220040977-X,2010,8.61
Performance,Bel Pryce,862561732-8,2004,9.17
The Boss,Alvira Deluca,483374952-1,2007,2.09
Street Fight,Dudley Spalton,060775017-0,2012,8.45
Breaking Away,Levy Duncan,726241854-8,2009,1.51
Yu-Gi-Oh!,Merry Fores,509484342-7,1996,2.5
Make Your Move,Jerrold Vesty,403404023-8,2011,1.81
Film Noir: Bringing Darkness to Light,Farrel Farebrother,610852610-6,2013,7.97
"Blue Max, The",Magdalene Batteson,082793410-6,2003,5.54
Game 6,Jillana Dodd,290842610-2,1998,6.56
Thinner,Jori Martugin,895139148-5,2003,8.35
It's Good to Be Alive,Dot Parratt,998482467-5,2010,9.9
"Three Musketeers, The",Sibby Cranham,575678978-2,1993,5.31
Valley Of Flowers,Bibbye Tythacott,381414670-0,1966,9.13
Children of Hiroshima (Gembaku no ko),Teresa Lakenton,445334929-7,2010,5.28
Once My Mother,Ardeen Ryam,694417437-5,1992,8.18
"Devil's Carnival, The",Alva Gounod,951462419-X,2005,6.91
Bedevilled (Kim Bok-nam salinsageonui jeonmal),Coralie Southey,255590196-5,1993,3.7
Moonfleet,Marylinda Thandi,020875195-5,1963,8.76
"Culture High, The",Harri Astlet,266525795-5,1997,3.98
London After Midnight,Yettie Argontt,957342993-4,2010,2.69
Ed and His Dead Mother,Cheryl Seabert,435906690-2,2006,6.08
According to Spencer,Elisabetta Balaisot,646509682-X,1997,4.06
Dead Man's Walk,Drucill Gillott,520836497-2,2005,1.16
"Skeleton Key, The",Keven Gadie,112193330-0,1999,3.21
No One Dies in Lily Dale,Salaidh Penddreth,850428794-7,2009,4.59
Shine a Light,Dulcia Greenhead,717514919-0,2003,6.58
Craig Ferguson: I'm Here To Help,Jamie Megarry,132314456-0,2006,7.24
Sleep Dealer,Audi Ganders,419188057-8,1995,3.05
Mongol,Maire McIlmurray,968587965-6,1994,6.98
"Bear, The (Ours, L')",Rog Kefford,975795884-0,1992,4.85
If These Walls Could Talk,Jeannette Bunton,952590624-8,1992,7.04
Ladrones,Leonid Sergeant,313716000-6,2008,1.88
Satan's Sword II (Daibosatsu toge: Ryujin no maki),Missy Jemmett,655213784-2,2009,9.92
European Vacation (aka National Lampoon's European Vacation),Germain MacGebenay,131112997-9,2008,1.98
Bloodfist,Francisco Arsnell,412317951-7,1992,3.27
Argo,Brianne Ponting,731270834-X,1993,7.45
Mr. Magoo,Dyane Bridywater,446920742-X,2012,6.86
"Purple Rose of Cairo, The",Lanie Benkin,856523650-1,2012,8.37
Dead or Alive 2: Tôbôsha,Diane-marie Cassely,167976363-6,2000,6.25
Griffin & Phoenix,Harcourt Baise,577236779-X,1992,8.98
20 Million Miles to Earth,Lennie Slidders,694413096-3,2009,1.54
"Emperor's New Clothes, The",Marcellus Spadollini,705268210-9,1985,9.89
Perfect Sense,Claudio Cayette,724366433-4,2000,5.19
Taps,Leola Oselton,241551778-X,2006,3.17
Ana and the Others (Ana y los otros),Foster Rothery,120116892-9,2003,7.62
Edmond,Marc Kenset,626644723-1,2008,3.61
Poklosie,Malcolm Troillet,897844034-7,2008,5.39
Under the Skin,Kristopher Verney,429649924-6,1989,4.76
Hellraiser: Hellseeker,Clarette Gunner,311993126-8,2010,9.57
Confessions of a Driving Instructor,Nikolaus Duddell,909614467-8,2008,6.21
Hollywood Party,Linda Kitt,385667567-1,1998,1.31
"Omega Man, The",Ardath Behr,480349408-8,1996,3.01
"Secret of Moonacre, The",Corena Scutchin,118128261-6,2011,7.47
Captain Midnight,Jessa Windley,290292571-9,2008,4.72
Annie Get Your Gun,Thorsten Cheeke,580306987-6,2006,3.71
"Christmas Carol, A",Loria Roxbee,299586814-1,2007,7.98
Matilda,Filia Elecum,897607213-8,1996,6.6
Peppermint Candy (Bakha satang),Olga Cossins,022892374-3,1992,5.17
"Fly Away (Bis zum Horizont, dann links!)",Nat Reddin,903587854-X,2007,7.35
Against the Dark,Jone Medlen,417870871-6,2008,9.47
Independence Day (a.k.a. ID4),Maggie Scanterbury,283991163-9,2010,2.46
Reel Injun,Michaela Stark,953912092-6,2012,8.39
"Autumn Tale, An (Conte d'automne)",Edie Ryley,017142424-7,2007,8.31
Holiday in Handcuffs,Dolph Golden of Ireland,504275976-X,1996,2.3
King of the Children (Hai zi wang),Wendy Lambden,871345410-2,2007,4.68
No One Knows About Persian Cats (Kasi az gorbehaye irani khabar nadareh),Vivianna Krier,372424798-2,2011,6.47
Caroline?,Concettina Baseggio,983404800-9,1987,9.67
Crazy in Alabama,Fiona Toseland,387809457-4,1984,3.46
Svidd Neger,Lanni Cadman,068168627-8,2008,8.9
Dynamite,Donna Devall,684868385-X,2001,8.61
Hollywood or Bust,Donn Massen,022647712-6,1997,4.68
"Winning Season, The",Pryce Housecroft,369395027-X,2006,7.52
Regular Guys (Echte Kerle),Vidovic Wheowall,679269868-7,2008,3.76
Return of the Living Dead: Necropolis,Jabez O'Hone,267016732-2,1986,4.87
Extreme Days,Art Opdenorth,635077218-0,1998,7.78
40 Guns to Apache Pass,Robena Gouldstraw,178544820-X,2003,1.25
Goodbye Solo,Shanan O'Ruane,517583760-5,2012,8.05
Bad Luck Love,Anneliese Bessey,472420539-3,2010,1.77
New York Confidential,Donelle Plumridge,252019722-6,2011,2.71
Crime Wave,Kerwinn Sedgeworth,237454523-7,2002,3.58
Antz,Lorilyn Durnford,280816284-7,2001,6.18
"Evil Cult, The (Lord of the Wu Tang) (Yi tian tu long ji: Zhi mo jiao jiao zhu)",Hamil Forsaith,150835128-7,1993,1.12
Spellbound,Trey Herrero,257676762-1,1998,9.96
Last Cowboy Standing (Skavabölen pojat),Netti Mandrake,538769505-7,1993,9.07
Lassie,Roseanna Longstaffe,581687020-3,1991,3.89
Life After People,Janos Toffel,042700940-5,2000,4.99
Black Robe,Marika Langland,324736681-4,2005,6.23
All the Fine Young Cannibals,Lolita Mullins,216501702-5,2011,5.34
Lost Christmas,Lorena Ashpole,558607595-4,2005,3.8
"Two Escobars, The",Nollie Swayland,239913779-5,2010,4.71
Playing for Time,Elna Hull,327164045-9,2006,9.17
Tin Man,Winny Ahren,442390769-0,2002,4.63
Outskirts (Okraina),Lory Strutt,103013019-1,2005,7.7
Camille,Kynthia Girogetti,081184548-6,2012,1.17
"Second Civil War, The",Carolee Dominiak,045334144-6,1981,8.02
Snow and Ashes,Jasper Crumpe,934315439-9,1994,1.53
"Filth and the Fury, The",Everard Breacher,943912599-3,1993,1.97
Author! Author!,Gloria Pautot,525374538-6,2008,7.79
Otaku,Palmer Murty,915231230-5,1985,4.28
Erasing David,Aubrie Matushenko,906075276-7,1984,2.07
Senso,Lara Mosco,837947868-1,2006,6.69
Whatever It Takes,Jacques Malcher,400822544-7,1996,3.48
Voyager (Homo Faber),Neel Becker,243212444-8,1989,5.53
Return to Horror High,Charmion O'Lochan,441259365-7,1992,7.92
Echoes from the Dead (Skumtimmen),Aurea Flood,069814747-2,1992,7.16
"Frighteners, The",Leandra Busson,299354177-3,1999,9.45
Wadjda,Noelyn Snazle,923631350-7,1998,4.87
Canned Dreams (Säilöttyjä unelmia),Harlene Semmence,066842089-8,1986,6.94
Butterflies Have No Memories,Kori Lilleman,757431781-X,1999,6.63
"Neon Bible, The",Tuck Tufts,037103729-8,2006,4.25
Into the Storm,Rodger Royans,767478666-8,2000,1.28
Twilight of a Woman's Soul (Sumerki zhenskoi dushi),Sigfried Clother,409470570-8,2009,8.93
Werner - Gekotzt wird später,Thane Gebbie,580647386-4,2006,4.54
Sunnyside,Crosby Caulkett,252767559-X,2003,6.66
Electra Glide in Blue,Maris Rosenbarg,158603183-X,1998,3.55
Before Flying Back to Earth (Pries parskrendant i zeme),Regan Terren,456411839-0,1998,6.32
Blume in Love,Isabelle Badland,333982813-X,1988,5.61
Flirtation Walk,Rudolf Luney,417650728-4,2002,9.66
"Wayward Bus, The",Jeni Legh,790785506-3,2003,7.18
Keep Walking (Camminacammina),Corilla Betjes,244300411-2,1963,9.43
Johnny Got His Gun,Shurwood Fairhead,816294079-0,2000,1.23
Jesus of Montreal (Jésus de Montréal),Rancell MacKniely,739779977-9,2008,9.36
Beauty and the Bastard (Tyttö sinä olet tähti),Murdock Ruslen,864071932-2,1990,5.46
Celeste and Jesse Forever (Celeste & Jesse Forever),Gun Creasey,534145044-2,1986,2.65
Lake Tahoe,Colline Jewer,994695898-8,2007,3.32
"Autumn Afternoon, An (Sanma no aji)",Thadeus Smidmore,880009513-5,1992,4.9
Cirque du Freak: The Vampire's Assistant,Antonius Benedetti,056210215-9,2012,6.03
"Clap, You're Dead",Dacie Brandoni,826961685-0,2007,2.4
Germany Year Zero (Germania anno zero) (Deutschland im Jahre Null),Ginni Langmuir,999668048-7,2005,6.63
Wolf Children (Okami kodomo no ame to yuki),Trumann Terren,622159009-4,1994,8.47
Get on Up,Ripley Absalom,430846051-4,1999,6.69
"Clap, You're Dead",Yehudi Pawlaczyk,428720734-3,2009,1.14
Kiss of Death,Kasey Filson,092103795-3,1989,2.17
Omega Doom,Lilla Copo,434653129-6,2004,6.06
Shakespeare-Wallah,Pegeen Dollin,332882108-2,2006,2.74
17 Girls (17 filles),Earlie Bickerstasse,853902328-8,1995,5.13
Play Girl,Kathrine Burrett,331183984-6,2004,1.25
Thirteen Conversations About One Thing (a.k.a. 13 Conversations),Colin Scanlon,927099946-7,2002,9.49
Lara Croft Tomb Raider: The Cradle of Life,Irina Thomasen,207368814-4,2009,1.73
A Thousand Times Goodnight,Vincenz Goodricke,890608532-X,2001,6.59
Top Dog,Appolonia Flatt,648309597-X,2010,9.9
Friends and Family,Rich Abramowsky,498508769-6,2008,2.47
Two Girls and a Guy,Daryle Chaimson,978966135-5,2001,8.02
"Young Americans, The",Randene Bysouth,255493449-5,1995,3.09
33 Postcards,Blake Auden,266756913-X,2003,1.61
Bounce,Chico Toulmin,615164761-0,2012,2.93
Tony Rome,Faustina Ringe,508840984-2,2009,7.55
Weekend at Bernie's,Zonda Maytum,141419551-6,1994,1.28
In Your Eyes,Katya Emmott,308472003-7,1985,8.06
Elephants Dream,Natividad Hayers,645536397-3,2009,1.15
Mississippi Masala,Christoper Domoni,282066873-9,2013,8.59
"Squall, The",Chaddie Tunnock,815575539-8,2005,1.73
"Wild Life, The",Steffane Trevers,910801200-8,2003,2.89
This Is Where I Leave You,Benedetto Briztman,043469848-2,2002,8.62
Amber Alert ,Natalee Yateman,960743369-6,1990,1.94
"Call of the Wild, The",Doralynn Moorrud,696914082-2,1963,5.63
Hachiko: A Dog's Story (a.k.a. Hachi: A Dog's Tale),Yuri Gave,901745219-6,1988,5.5
Insomnia,Thayne Kundt,687336729-X,1997,2.81
War of the Robots (La guerra dei robot),Carree Bertwistle,563620454-X,1986,7.47
The Facts of Murder,Fifine Seakes,790698849-3,2001,4.0
Jewtopia,Cynthea Bulled,513834421-8,2001,4.33
Scandal Sheet,Daryl MacRirie,683711813-7,2008,6.28
Angel Dog,Mirilla Gabriel,137741776-X,2004,8.75
Annie,Bryna Prott,355711064-8,2012,4.45
Train of Life (Train de vie),Oralle Birchall,219024071-9,2005,2.7
"Out of the Furnace (Dust to Dust) (Low Dweller, The)",Rollo Laviste,754441504-X,1999,2.85
Courage Mountain,Mickie Madoc-Jones,919180152-4,1990,4.39
Police Academy 3: Back in Training,Abbe Savatier,489273379-2,1997,7.66
Butterfly (La lengua de las mariposas),Rance Doorly,336967279-0,2009,4.76
Down and Out in Beverly Hills,Inge Arlt,609419088-2,2011,6.29
Off and Running ,Simonne Trask,039738042-9,2004,6.99
Fruitvale Station,Reamonn Terry,143282297-7,2000,4.94
Line of Sight,Tory Blizard,600465322-5,2006,7.25
Burden of Dreams,Tobe Morrallee,716186045-8,2012,6.04
"Change-Up, The",Illa Migheli,932885201-3,2008,9.3
"Defender, The",Nannie Dymidowski,935323782-3,1987,4.69
Kopps,Parker Swiffan,716554508-5,1992,8.69
Species,Noelani Holbury,194157085-2,2008,9.92
Meet the Fockers,Dacia Kindleside,117121027-2,2009,1.41
Back to the Beach,Jany Tennewell,182188378-0,2008,4.61
Witless Protection,William Downs,871702687-3,2011,1.93
"Shunning, The",Sallie Ferentz,034512885-0,2009,2.01
Herr Lehmann,Darsie Schimpke,543209800-8,1992,2.91
Cold Sweat (De la part des copains),Daron Jepson,439113106-4,1976,2.16
Border Café,Tallia Girardey,450597549-5,2001,9.33
Look Who's Talking Too,Willy Moreno,226514621-8,2003,4.69
In Old Chicago,Allsun Arrault,320789912-9,2011,4.43
Letter from an Unknown Woman,Briana Garmons,942084862-0,1993,4.75
Arctic Blast,Vanny Skene,527741661-7,2009,7.0
Street Smart,Ambrose Nunnery,206497865-8,2001,8.31
"Naked Spur, The",Sherlock Jephcote,830082543-6,1993,6.9
Hukkle,Rodd Sherwood,777643145-1,1965,5.02
Kaleidoscope,Emeline Ackenson,879132816-0,1995,9.32
One Kill,Wilhelm Cary,406267934-5,2002,1.13
Amateur,Danette Loosmore,721967291-8,2012,1.1
Shut Up and Play the Hits,Lissy Le Galle,400526590-1,2010,9.51
Remember My Name,Rod Damiral,249928712-8,2011,5.59
Drive Hard,Carleton Bessett,870305692-9,1994,4.61
"Ballad of Narayama, The (Narayama bushiko)",Burtie Lanaway,439722323-8,2009,6.12
Pirates,Mattie Hasser,915903980-9,1999,1.17
Fuck Up,Obidiah Clutram,033480031-5,2004,2.45
"Confessional, The (Confessionnal, Le)",Mandi Ostick,190811396-0,1994,5.3
Tillbaka till Bromma,Sheila Heintz,292934378-8,1992,5.63
"Wonderful World of the Brothers Grimm, The",Norris Meatyard,796448741-8,1985,7.69
Talk to Me,Noll Baulch,701004868-1,2009,7.82
Captain Video: Master of the Stratosphere,Dolly Randle,503340927-1,1989,3.25
Brutal Relax,Amalee Goss,482926038-6,2012,9.34
Jean Renoir: Part One - From La Belle Époque to World War II,Garv Scollard,180872238-8,1997,9.64
Friday the 13th Part VII: The New Blood,Freeland Knox,630367352-X,1990,7.43
Dracula: Dead and Loving It,Amy Crichley,066383018-4,2011,4.2
Bye-Bye,Addison Puckring,610709207-2,2009,4.65
"Quiet Duel, The (Shizukanaru ketto)",Anna-diana Klesel,903382743-3,2005,3.33
Hawaii,Jed Walcot,541837323-4,2012,3.75
Good Copy Bad Copy,Vitia Cattermoul,844034264-0,1999,7.0
Man on a Ledge,Cosetta Richin,730856646-3,1993,7.52
Down and Derby,Averil Migheli,512338230-5,1988,1.2
"Constant Gardener, The",Yoshi Woodfine,448678493-6,1999,6.83
Cyborg Girl (Boku no kanojo wa saibôgu),Chad Sabatini,086555319-X,1999,1.9
Pride of the Marines,Idelle Buckle,227551288-8,2011,5.16
Running With Scissors,Rayna Sear,202731800-3,1999,7.58
Zatoichi the Outlaw (Zatôichi rôyaburi) (Zatôichi 16),Benetta Tisun,418258261-6,1994,8.57
Comandante,Wanids Greenaway,976565392-1,2009,3.63
"Moon Warriors, The (Zhan shen chuan shuo)",Thornton Carnoghan,934063109-9,2007,2.16
Cosas que nunca te dije (Things I Never Told You),Magdaia Jordon,952927704-0,2003,1.78
Critters 3,Lian Swale,395392062-6,1989,8.74
Mentiras y gordas,Sasha Kuhnert,850998669-X,1996,10.0
"Long Walk Home, The",Vinni Freeberne,724189541-X,2001,2.5
Auggie Rose (a.k.a. Beyond Suspicion),Dermot Banton,482791145-2,1990,7.06
"Girl in the Red Velvet Swing, The",Luise Rilton,554969855-2,2010,5.01
Choose Me,Gus Van Haeften,898992414-6,2001,2.29
Super Mario Bros.,Thatch Fratson,716045718-8,1994,3.89
Five Star Final,Tasia Keeves,490882477-0,1968,1.8
Psycho Beach Party,Anastasie Woolen,692626563-1,1993,9.61
"Wonderful Ice Cream Suit, The",Leicester Haggata,964506480-5,2005,8.41
Gilles' Wife (La femme de Gilles),Frants Jurn,750370516-7,1993,8.96
Topaze,Dalis Whaley,742123250-8,2005,3.98
The Day I Saw Your Heart,Jesus Cave,975021916-3,2002,6.82
9,Giff Mayfield,280144070-1,2008,2.62
Mutant Chronicles,Jase Hebbs,358180550-2,2011,7.55
Two Women,Silvano Huddy,607290852-7,1999,3.34
Blackout,Leigh Cudde,495995269-5,2009,5.09
Marjoe,Roxine Mewitt,775207268-0,2002,3.95
"Pursuit of Happyness, The",Trev Marrill,167373912-1,2008,8.0
"Haunting, The",Evered Neill,501811585-8,2011,3.12
Tequila Sunrise,Ado Yokley,441637663-4,1996,9.82
City of Angels,Marmaduke Taunton,323995942-9,2009,1.84
"Quest, The",Alysa Girardey,620049943-8,2007,8.81
9,Eberto Capper,015389381-8,2006,1.11
Idiocracy,Rich Gebbe,988231744-8,1996,2.16
"Endurance: Shackleton's Legendary Antarctic Expedition, The",Germain Strainge,026669871-9,1993,4.49
"Letter, The",Gilberte Sparshett,100612132-3,2002,2.14
"Tale of Princess Kaguya, The (Kaguyahime no monogatari)",Clovis Bragg,778977512-X,1991,2.62
Predators,Hayden Merida,028106104-1,2005,9.94
Talk to Me,Laryssa Janko,594444052-X,2011,4.69
Reefer Madness: The Movie Musical,Harmonia O'Collopy,440809910-4,1986,9.77
Now Where Did the Seventh Company Get to? (Mais où est donc passée la 7ème compagnie),Rose McGarrie,243619084-4,2003,3.06
The Hunting Ground,Hieronymus Gammie,664383358-2,2011,4.64
Bloodsucking Pharaohs in Pittsburgh,Teddy Domico,706327311-6,2003,9.25
The Emperor's Candlesticks,Drusi Grouvel,709588320-3,1995,6.5
Siegfried,Melvyn Forth,452556492-X,2008,4.73
Devil Hunter (El caníbal),Pierce Foxon,636780193-6,2003,9.47
Lola (Twinky) (London Affair),Florie Ingledow,665317339-9,2001,1.5
"Final, The",Leanora Eggleton,898180335-8,1986,1.07
Lupin the Third: The Secret of Mamo,Antonius Tomaschke,684018130-8,1989,9.22
On Golden Pond,Boothe Grebner,358677822-8,1987,4.13
Step Up,Dominga Smyley,052710916-9,1967,3.67
Christmas in Connecticut,Ave Rickards,398223994-X,2009,1.35
Aliens,Sonni Matuschek,950718492-9,1984,3.32
Pineapple Express,Caye Watling,245971519-6,2012,6.64
"Steal Big, Steal Little",Constantina Ellershaw,786565845-1,2012,9.58
Fellini's Casanova (Il Casanova di Federico Fellini),Dyane Jealous,486386350-0,1996,5.25
After Death (Posle smerti),Michelle Vipan,463189450-4,1989,3.19
Godzilla vs. Mothra (Mosura tai Gojira),Wait Fost,075699965-0,2005,9.05
"Gas, Inspector Palmu! (Kaasua, komisario Palmu!)",Melinda Woodthorpe,252180863-6,1993,3.45
Target,Danila Bigland,273335096-X,2012,8.57
Dead Ringer,Terrel Petrillo,460926717-9,2006,8.02
Aks,Nathanial Sall,989602216-X,2006,9.15
Philomena,Elisa Lummis,340308819-7,2001,1.87
Rapt,Lois Sellen,333096061-2,2003,5.71
Levity,Justinian Troth,044966413-9,1984,9.33
"Core, The",Siana Gounin,786439456-6,1992,7.28
Gremlins 2: The New Batch,Ardra MacColm,272970116-8,1985,4.31
Hear No Evil,Cesar Nitti,980986955-X,1996,1.03
Viva Max!,Ferdinand Shimmin,123802745-8,2009,7.91
Head in the Clouds,Larissa Betteney,208314209-8,1995,7.73
"Matter of Life and Death, A (Stairway to Heaven)",Danya Batrim,609238508-2,2006,5.18
"Pickle, The",Lamond Scrooby,592366012-1,2004,7.81
Last Passenger,Gisella Puttrell,500266658-2,1989,6.73
Mayerling,Georgie Glyde,043675769-9,1985,7.11
"Serious Man, A",Claybourne Hanhardt,255307312-7,1990,5.04
Rollercoaster,Aubree Mullinder,723786950-7,2005,2.83
American Boy: A Profile of: Steven Prince,Karlyn Coviello,253475419-X,2002,4.62
"Oil, the Baby and the Transylvanians, The (Pruncul, petrolul si Ardelenii)",Constantin Charlson,143048720-8,2009,3.57
Straight from the Heart,Abelard Whitelock,241052783-3,2012,5.37
Negative Happy Chainsaw Edge (Negatibu happî chênsô ejji),Carmen Pevie,140368242-9,1996,1.41
"Killing Room, The",Karina Warham,595946233-8,2005,9.22
Spite Marriage,Viviana Libbe,282506822-5,2000,4.5
If These Walls Could Talk,Odele Keningham,827407778-4,2008,5.83
Pay or Die,Kinsley Bartusek,237829256-2,1984,5.6
Celine: Through the Eyes of the World,Cello Work,111614152-3,1994,9.79
Shall We Dance,Pietro Brinson,560135112-0,1985,3.67
Reindeer Games,Ignacio Downton,811561609-5,1988,3.53
Devil in the Flesh,Rosamund Mandy,660613957-0,2000,5.97
Pitfall,Tore Grimshaw,246493739-8,2010,9.41
"Boy in Blue, The",Aaron Leggon,920455889-X,1984,1.94
"Desperados, The",Bobbie Fontenot,223769300-5,2005,9.08
Captain Horatio Hornblower R.N.,Phillis Graine,477449227-2,2010,1.97
West Beirut (West Beyrouth),Lindsey Offield,775533539-9,2011,6.38
Like Crazy,Paolo Prout,364198386-X,2004,5.05
Killers from Space,Mina Fassan,271074324-8,2006,2.48
"All Dogs Christmas Carol, An",Freida Dumbleton,730970415-0,2003,3.61
Miracles,Gonzalo Gulland,684067032-5,2002,2.18
Style Wars,Haven Parham,554951078-2,1993,7.28
Darkest Night,Smith Elstone,218773864-7,2003,2.15
Scourge,Edik Barends,027019089-9,1988,4.7
Billy Bathgate,Prince Mayoh,031386265-6,1995,4.05
Best Friends,Agathe Crust,884870273-2,2005,1.64
Stille nacht,Clemmy Le Strange,558539445-2,1995,7.55
Wolfen,Shelley Smidmoor,251284134-0,2002,8.01
Castle in the Desert (Charlie Chan in Castle in the Desert),Dun Rahlof,591620267-9,2008,9.35
Transistor Love Story (Monrak Transistor),Ewell De Roberto,264100790-8,2012,5.07
August Evening,Cyndi Johannes,801678068-7,2009,5.4
North (Nord),Cordelia Domino,583604367-1,1992,5.42
"Wedding Weekend, The (Sing Now or Forever Hold Your Peace) (Shut Up and Sing)",Cody Cannop,920152738-1,2000,8.83
Vacuum-Cleaner Salesmen (Pölynimurikauppiaat),Tye Cords,520925923-4,1990,4.37
"Substitute, The",Yale Feldmark,230480362-8,2006,6.36
Kes,Agnes Thorington,772034617-3,2002,2.27
Twins,Sammy St Clair,671369706-2,2008,8.55
Watercolors,Shaine Stirman,151946831-8,2002,1.23
Leave The World Behind,Giacinta Doe,091029556-5,1998,9.81
Autómata (Automata),Norris Eskell,366364736-6,2011,8.92
Annie,Melodee Massot,838199555-8,2007,8.42
On the Waterfront,Glori Rathmell,101039762-1,1997,1.46
Moonlight Serenade,Mufi Titchmarsh,402852668-X,2000,1.91
"Parallax View, The",Pietra Sextie,865795545-8,1992,3.62
"Bitter Tears of Petra von Kant, The (bitteren Tränen der Petra von Kant, Die)",Earl Bleue,022814983-5,1999,7.4
Sidekicks,Washington Gimbart,180701929-2,1997,6.38
"Niagara, Niagara",Kory Hevner,834800829-2,1995,2.26
"Balloonatic, The",Licha Bransom,685640266-X,1995,7.19
"Umbrellas of Cherbourg, The (Parapluies de Cherbourg, Les)",Rockie Brundrett,796686553-3,2010,3.02
Thomasine & Bushrod,Consalve Seekings,469311027-2,1995,2.66
The Rebel,Verla Armall,785042968-0,1992,7.42
"Cowboy Way, The",Anselma Lefridge,476870301-1,2000,5.09
Cooking Up Dreams (De ollas y sueños),Dalis Pardue,687632564-4,2007,1.47
Africa addio,Cornelia Granger,369489264-8,1992,1.65
Mystery Team,Maximilien Isenor,226742695-1,1994,8.49
Trixie,Emory Alenichicov,747337183-5,1997,8.2
IMAX: Hubble 3D,Olvan Marrison,271451275-5,1999,9.78
Escape Plan,Cathie Malster,238960384-X,1994,7.46
Hank and Mike,Arnaldo Jobson,697449628-1,1996,3.58
"House of the Dead, The",Elnar Trittam,284232823-X,1993,9.02
Rosencrantz and Guildenstern Are Dead,Eileen Ockwell,124475236-3,1991,4.32
Flight Command,Levey Maffi,439218895-7,2010,2.93
10,Gawen Atheis,404037648-X,1996,1.53
"Aguirre: The Wrath of God (Aguirre, der Zorn Gottes)",Hobie Wink,513813769-7,1989,5.74
Pride & Prejudice,Marco Conant,228452793-0,2005,1.52
"Girasoli, I (Sunflower)",Beverlee Stuehmeier,872473032-7,1998,8.56
Blue Collar,Kathy Songust,962993590-2,1997,4.37
"Guy Named Joe, A",Nelly Allport,524251162-1,1992,4.5
Micki + Maude,Janaya MacGuigan,255867641-5,1989,1.06
Gunfight at the O.K. Corral,Maitilde Dozdill,404865247-8,2008,2.6
Inn of Evil (Inochi bô ni furô),Barbey Le land,137702124-6,1996,5.94
Bandits,Sterling Naile,293616771-X,2004,1.57
Still Life (Sanxia haoren),Cilka Blackater,469321901-0,2006,7.22
Cocktail,Dud Gladstone,738983783-7,2006,4.37
Scenes of a Sexual Nature,Reynold Cale,251814339-4,2004,9.4
Bring It On Again,Anya Abrahmovici,309139045-4,2011,7.55
40 Guns to Apache Pass,Brnaby Frampton,894598199-3,2000,8.78
"Flat, The",Gus Bennie,511912401-1,2010,7.34
Comedy of Innocence (Comédie de l'innocence),Gerek Stockman,337210787-X,2004,8.76
Layer Cake,Ralina Cruxton,835293482-1,2002,3.81
"Cheat, The",Gracie Newstead,551771275-4,1996,6.36
Garage Sale Mystery,Jimmy Dabbs,310441116-6,2003,7.17
Amazing Grace and Chuck,Cord Tetford,151693154-8,2012,5.51
Off Beat,Ruben Stayte,625391042-6,1992,2.43
Sunlight Jr.,Adolphe Kingswood,461579054-6,2008,7.19
"Yellow Handkerchief, The",Cloris Lorrie,904161071-5,2006,1.56
Pornorama,Sheryl Faulkes,651500984-4,2008,8.24
Volunteers,Allison Veighey,936972096-0,2007,3.92
Oblivion Island: Haruka and the Magic Mirror (Hottarake no shima - Haruka to maho no kagami),Billye Lasslett,309491984-7,2004,7.24
Portrait in Black,Carlye Prendiville,257761405-5,2009,2.61
Ouch (Aïe),Amaleta Skill,272461537-9,1987,1.96
"Hijack That Went South, The (Kaappari)",Merrilee Hammill,508995883-1,2010,8.73
Elling,Adelice Stud,198409446-7,2003,6.27
"Candidate, The (Kandidaten)",Allie Licence,899739592-0,2010,1.97
Chapiteau-show (Shapito-shou),Yorgo Slatter,128231877-2,1994,9.98
No One Knows About Persian Cats (Kasi az gorbehaye irani khabar nadareh),Jared Carreyette,682498007-2,2009,3.68
Born to Win,Isabelle Underwood,895554784-6,1997,3.32
Los Angeles Plays Itself,Ricki Mityushin,574191561-2,1993,9.29
Beverly Hills Ninja,Kelby Hamshar,187073353-3,2005,8.33
Floundering,Dacey Faye,642889261-8,2006,9.06
Article 99,Perla Scoyne,777457970-2,2009,4.95
Fanfan la Tulipe (Fan-Fan the Tulip),Valentine Cornbell,740252389-6,2006,4.15
"Signal, The",Fannie Overlow,852822363-9,2000,6.49
Those Magnificent Men in Their Flying Machines,Conny Corzon,284089070-4,1997,2.19
Bloodlust: Subspecies III,Corny Abrahmson,970773049-8,1994,4.39
Sleuth,Jameson McIlraith,025587120-1,2010,3.44
"Day After Trinity, The",Amata De Maria,474655080-8,1997,7.99
Love Ghost (Shibito no koiwazura),Sharron Fredson,162913760-X,1997,2.53
"Duck, You Sucker (a.k.a. Fistful of Dynamite, A) (Giù la testa)",Olav Helstrip,582066585-6,2006,3.45
Through and Through (Na wylot),Lyn Hurdiss,634910811-6,1993,7.87
"Gate II: Trespassers, The",Demetre Chopy,434995166-0,2006,7.35
"Private Eyes, The",Bil Penhallurick,763374430-8,1990,6.91
Providence,Donnell Yokel,040435022-4,2008,9.81
"Longest Yard, The",Parsifal Fairlam,732593874-8,2002,2.65
Avanti!,Had Bunten,447172578-5,2000,4.72
Please Give,Agosto Grouen,524506456-1,2008,5.67
Disaster L.A.,Immanuel Dilawey,452298229-1,2002,5.54
Kung Fu Panda: Secrets of the Furious Five,Carlin Penzer,894725268-9,2010,4.58
Liberty Kid,Germaine Manthroppe,563963438-3,1991,6.91
Cinderfella,Sandor Guiducci,969701584-8,2006,5.21
Struck by Lightning,Wendel Rawood,330209763-8,2010,9.12
La dama boba,Georgy Cleugh,420378448-4,2006,1.62
Exit,Wilmer Deakins,363230382-7,1985,8.41
"Grey Zone, The",Alden Berrey,290664057-3,2009,7.3
One Nation Under God ,Aura Boteman,008929896-9,1998,1.94
Blood Simple,Elizabet Leeburne,987530899-4,2011,1.4
Ouch (Aïe),Godfry Yearn,734012128-5,1989,3.86
"Atomic States of America, The",Gates Stickney,687459623-3,1988,9.55
Isabelle au bois dormant,Jeremiah McLaverty,874342254-3,1989,2.94
"Crimson Wing: Mystery of the Flamingos, The",Grant Ungerechts,729996268-3,1994,5.57
Confidential Report,Kelwin Jerrans,467535149-2,1993,5.39
You Will Meet a Tall Dark Stranger,Merl Hodgon,116793052-5,2007,2.75
Turn of Faith,Clarke Crenshaw,211252404-6,2001,5.57
Thank You for Smoking,Loralie Jaimez,659012385-3,2006,5.88
...And Justice for All,Mag Switzer,663002132-0,2007,5.63
Romanzo Criminale,Addia Yabsley,171988027-1,2012,2.98
Ararat,Shirleen Alvarado,663704029-0,2010,4.26
"Adventures of Rocky and Bullwinkle, The",Merrilee Mc Ilwrick,187866419-0,2001,1.83
Triad Election (Election 2) (Hak se wui yi wo wai kwai),Clay Freire,581630738-X,1987,6.47
Adventures of Power,Terra Gudgin,077003306-7,2009,3.31
"Misérables, Les",Ree Twell,311773396-5,2007,1.16
Cuckoo in a Dark Forest (Kukacka v temném lese) ,Benedikt Jirick,301905031-6,2002,7.23
Major League,Eba Greenhouse,437951635-0,2007,5.76
Woody Allen: A Documentary,Oralla Jeandeau,703692608-2,2005,8.4
Man of Her Dreams (a.k.a. The Fiancé),Briant Buffin,638221046-3,1987,4.03
Great World of Sound,Aurel Brameld,145927291-9,2000,1.45
Dolphin Tale 2,Alidia Cellier,065527265-8,1996,1.72
Went to Coney Island on a Mission From God... Be Back by Five,Cordey Shoesmith,772705033-4,1996,7.16
Stories of Lost Souls,Roderic Dionis,752098290-4,2011,1.7
Arctic Blast,Fionna Samwaye,879540509-7,1994,2.59
"Julia's Eyes (Ojos de Julia, Los)",Allianora Bumby,840646259-0,1992,7.97
Flowing (Nagareru),Nanci Bullingham,422861943-6,1997,5.57
"Hijack That Went South, The (Kaappari)",Phyllys Calow,518983135-3,2009,3.99
"Big Town, The",Loree Cusworth,815493593-7,2003,6.36
Inside: 'Dr. Strangelove or How I Learned to Stop Worrying and Love the Bomb',Sheryl McGauhy,033740459-3,1992,5.64
Lakota Woman: Siege at Wounded Knee,Rebekkah McGinnell,769776917-4,2007,9.94
Generation X,Talbot Farren,897789064-0,1994,4.63
Opening Night,Maryjane Dumphy,674338842-4,2005,2.04
Exit Through the Gift Shop,Bettine Whitecross,986147266-5,1997,4.57
Cowspiracy: The Sustainability Secret,Trever Vesty,444972288-4,2010,7.51
The Floating Castle,Wittie Chappelle,564863553-2,2007,9.75
Holidays by the Sea (Ni à vendre ni à louer),Philippa Checcucci,489636189-X,1998,4.66
Dracula,Lonnie Ogborne,106052339-6,2004,7.95
Dear Wendy,Addy Casine,498743061-4,2009,1.78
Master of the Universe,Amaleta Bidgood,535315115-1,1996,8.76
Steamboat Round the Bend,Erek Tuff,052941112-1,2007,4.27
Flatfoot on the Nile (Piedone d'Egitto),Allison Mustoo,439281983-3,2006,9.41
Is the Man Who Is Tall Happy?,Hendrika Gallaher,812232001-5,2011,8.45
Violent Saturday,Gregory Eliasen,762600729-8,1997,1.39
Bright Victory,Lonna Stubbings,512814323-6,1994,6.05
Ex Drummer,Annecorinne Crop,153887806-2,2008,2.75
Ashes and Diamonds (Popiól i diament),Rouvin Beney,141894347-9,1985,8.59
Arizona Raiders,Corly Tunnock,475613380-0,1988,9.95
The Seventh Sin,Artie Nears,541688883-0,2005,4.9
"Jolly Boys' Last Stand, The",Stevy Prium,866523208-7,2004,5.42
Between the Sheets (Entre Lençóis),Tedie Elmhurst,204472091-4,2007,2.83
Dr. Phibes Rises Again,Isahella Klyner,670153474-0,1994,9.48
"Flowers of War, The (Jin líng shí san chai)",Arlana Kornas,847155533-6,2009,8.19
The Golden Eye,Lucy Starkings,847252320-9,1992,4.45
Black Eagle,Aloise Brazear,768419999-4,2000,2.37
Bustin' Down the Door,Lincoln Virgo,012808897-4,2003,3.51
Marley & Me,Sholom Roseaman,240655958-0,1999,9.46
Everybody Wins,Ab Rospars,039221413-X,2010,2.06
Jack the Ripper,Giffard Hardy-Piggin,344025041-5,1985,9.04
True Romance,Cortney Kean,023444736-2,1993,6.8
China Blue,Tamarra Warnes,192886418-X,1986,1.63
My Girl,Lina Bedford,022394356-8,2010,6.86
Dr. Terror's House of Horrors,Yelena Whatmough,507596550-4,2006,2.09
Tom and Huck,Fanya Brunon,811936882-7,2003,1.68
"Oh, Susanna!",Lilias Cordeix,497049630-7,1998,8.05
Moontide,Rosette Pherps,658408549-X,1996,7.94
Saving Face,Karlene Petrasso,335910523-0,2002,5.41
Marlowe,Emilie Bielfeld,463705151-7,2005,7.6
Speed: In Search of Lost Time (Speed - Auf der Suche nach der verlorenen Zeit),Carine Bisiker,688837182-4,1999,6.22
"Trip, The",Gaelan Eddington,932324958-0,2012,8.85
Trancers II,Zachery Haquard,439372299-X,1987,8.04
His Brother (Son frère),Dulcea Dellow,543513057-3,2009,4.24
Pokémon Origins,Robinia Adin,191145133-2,2012,1.99
Blank City,Kandy Gutch,927624827-7,1997,3.52
"Eye 2, The (Gin gwai 2)",Niccolo Peidro,345250240-6,2004,7.15
Eight Crazy Nights (Adam Sandler's Eight Crazy Nights),Avril Heino,533779622-4,2001,4.51
America's Sweethearts,Phillis Doorey,698667688-3,2002,5.91
Soo (Art of Revenge),Belicia Ashington,457156097-4,1999,5.33
Brass Target,Catharine Dyet,168333701-8,2009,5.41
Soundbreaker ,Hakeem Dieton,237341317-5,2010,8.57
Raiders From Beneath the Sea,Ray Hardi,913874675-1,2011,3.11
The Last Wagon,Nicolette Arghent,882146581-0,2012,2.35
Arthur Newman,Ky Ibbitson,903293652-2,2008,3.15
Touching the Void,Lexy Mercer,371669102-X,2007,9.18
"Owl and the Pussycat, The",Candy Dorow,231747970-0,2012,4.91
Ride the High Country,Sal Blackaller,786897289-0,2004,5.12
Meatballs,Charis Bagniuk,359806448-9,2008,4.61
Halloweentown High,Tandy Smylie,166456082-3,2006,7.77
MC5*: A True Testimonial,Gilburt Fuzzard,013351807-8,1989,5.69
Pot v raj,Adora Tschersich,406688898-4,1998,9.23
"Thing About My Folks, The",Shaine Benfell,395708911-5,2011,6.94
Shanghai,Cristi Garrison,749380303-X,2008,7.23
"Animal, The",Letizia Malbon,572552151-6,2008,7.35
Who Am I (Kein System Ist Sicher),Lu Bettington,908951630-1,1994,8.93
Berta's Motives (Los motivos de Berta: Fantasía de Pubertad),Rodrique Harburtson,589973417-5,2011,4.01
Monster-in-Law,Lesley Kittle,088232489-6,1995,5.53
Stella Maris,Emlynn Tampling,020137177-4,2007,2.73
"Palm Beach Story, The",Benedetta Lochran,943924479-8,1994,1.0
"Sea Is Watching, The (Umi wa miteita)",Tremayne Fallows,667802212-2,1957,1.25
Payment Deferred,Lissy Iacovelli,244015779-1,2001,1.37
Dunston Checks In,Giorgia Jobern,035241140-6,1988,1.05
"Lord of the Rings, The",Claudell Willbraham,394101478-1,2006,4.06
Godard's Passion (Passion),Magdalene Dykins,657669542-X,1993,3.53
Niko & the Way to the Stars (a.k.a. The Flight Before Christmas) (Niko - Lentäjän poika),Lauraine Feacham,204831666-2,1985,8.94
Trouble Man,Bing Boyse,132122507-5,1995,7.78
Friday Night Lights,Coral Mountney,243479367-3,2011,7.97
I Was a Male War Bride,Ingemar MacKay,294966471-7,1966,9.43
"Trial of Joan of Arc, The (Procès de Jeanne d'Arc)",Letty Demeza,688117127-7,1998,5.54
Pekka ja Pätkä puistotäteinä,Maxim Storrock,659622104-0,1988,7.17
"Patsy, The",Bernadina Powdrill,472201739-5,1986,5.32
Bronco Billy,Amelie Gimbart,218931035-0,1995,2.54
"Duel at Silver Creek, The",Rosalie Bashford,504146495-2,2006,3.57
Freedom Song,Udale Evers,947482073-2,1997,4.09
"Rebel, The",Giff Midgely,359650282-9,2009,2.26
Little Odessa,Marabel Sprigings,519307670-X,2003,8.21
New Kids Turbo,Fabe Cleall,798905107-9,1985,4.9
The Frame,Huntington Townley,004600959-0,2012,9.91
"Debt, The",Clementia Barthelemy,803617377-8,1973,8.6
The Good Lie,Axel Itter,849280849-7,1985,2.26
Akira Kurosawa's Dreams (Dreams),Rosa Gillies,769614306-9,2000,2.52
"City Dark, The",Lissie Scandred,019834124-5,1997,9.77
Freeway,Sybil Wolfendale,213370156-7,2007,8.64
Bad Dreams,Esmaria Jowsey,007074623-0,1994,4.42
Vagabond (Sans toit ni loi),Mabel Bastard,143892355-4,2009,7.67
Ploy,Rufus Stelljes,536877275-0,1999,6.69
9,Dreddy Benedito,711431332-2,2009,9.42
Border Café,Carolann Ferreo,043421118-4,1995,3.04
The Odyssey,Bobbee Radmore,986854233-2,1990,4.11
Deep Water,Addia Ekell,042410635-3,2012,3.47
"Noah's Arc Principle, The (Arche Noah Prinzip, Das)",Alejandrina Thyer,355905831-7,1998,6.96
"Social Network, The",Isiahi Foston,390845623-1,1998,7.11
Corridors of Blood,Jamill Liggons,177939052-1,1988,4.13
"Wings of the Dove, The",Vail Stollwerk,058085879-0,1997,4.73
"Wash, The",Roanna Bruyet,167429342-9,2002,5.68
Open Season 3,Micheline Baudic,686307023-5,2002,5.58
Girl,Maggie Kinsella,592407889-2,1997,2.88
Star Wars: The Clone Wars,Shana Tunstall,336065317-3,1998,4.22
Love Me Tender,Ofilia Callan,996229081-3,1996,3.12
Easy Virtue,Anallese Veal,065185889-5,2009,5.08
Camouflage (Barwy ochronne),Gun Rings,900539278-9,1996,6.02
Four Flies on Grey Velvet,Darcie Noseworthy,808610675-6,1989,2.58
"Edukators, The (Die Fetten Jahre sind vorbei)",Waldo Morales,888062743-0,2001,8.07
Orders Signed in White,Darice Willarton,016029047-3,1995,6.38
ATM,Mikol Bridgeman,059038678-6,2001,9.17
"Story of Qiu Ju, The (Qiu Ju da guan si)",Sharl Ugolotti,064124231-X,1986,2.28
"Hideous Sun Demon, The",Melvyn Avann,486945476-9,1999,4.94
Drunken Master (Jui kuen),Wrennie Lelievre,984610802-8,2010,6.88
Assault on Precinct 13,Amalia Muggach,695848742-7,2012,9.07
"Lawless Heart, The",Ardenia Statefield,085319523-4,1996,7.33
"Mating Habits of the Earthbound Human, The",Hanson Lidgertwood,731175029-6,1985,1.09
Transylvania,Weber Lockner,144869636-4,1995,5.9
Margaret,Virgie Conechie,110764982-X,1998,1.9
"Pirate, The",Freddi Smalridge,335006078-1,1997,5.79
The Shoe,Juliann Keasley,390818262-X,2002,7.84
Raising Cain,Cristie Lambie,392646623-5,2009,8.42
"Near East, The (El Proximo Oriente)",Fonzie Aujouanet,787651117-1,2009,4.6
Down Argentine Way,Reggi Geldert,531253236-3,2008,5.25
While You Were Sleeping,Horten Paxforde,545776984-4,1989,9.37
Henry Fool,Xylia Dagwell,669341489-3,1989,8.94
Fort Bliss,Glen Josefovic,096640561-7,2010,3.75
Pulling John,Vin Chattey,162988451-0,1986,6.52
"41-Year-Old Virgin Who Knocked Up Sarah Marshall and Felt Superbad About It, The",Giraud Mabbett,609069285-9,1996,1.45
Warning Shadows (Schatten - Eine nächtliche Halluzination),Herold Goldsmith,578537170-7,2011,8.99
"Warped Ones, The (Kyonetsu no kisetsu)",Linnea O'Sharry,774805643-9,2007,9.28
Howling IV: The Original Nightmare,Nadean Dimock,354272681-8,2006,1.6
Kwik Stop,Roley Grelak,537494830-X,2010,2.61
Angel on My Shoulder,Bethanne Strong,582228022-6,1999,9.78
Marathon Man,Candis Novello,783591013-6,1967,5.65
Lords of Dogtown,Gwennie Dunham,302563998-9,2001,1.93
Diên Biên Phú,Aleece Geelan,711077712-X,2003,7.37
And Along Come Tourists (Am Ende kommen Touristen),Mandel Shewry,191902784-X,2001,3.97
Network,Murvyn Ludye,733981321-7,2007,7.33
My Name Is Nobody (Il Mio nome è Nessuno),Ned Sextone,272744016-2,2001,4.97
ABC Africa,Rem Klaiser,944635477-3,1996,4.15
Tarzan Finds a Son!,Bevvy Olcot,305252213-2,2005,9.66
"Bad News Bears Go to Japan, The",Steffane Clausner,885337765-8,2002,4.57
To Get to Heaven First You Have to Die (Bihisht faqat baroi murdagon),Edmund Pawlicki,549008745-5,1994,8.29
Emma,Ninetta Dobrowlski,661038450-9,2001,2.22
Kiss of the Dragon,Zena Semour,287789194-1,2005,4.58
In Your Hands (Forbrydelser),Aundrea Drance,223412338-0,1998,3.0
Mega Shark vs. Crocosaurus,Jerald Wilds,237115387-7,1997,5.18
Bravo Two Zero ,Barbara-anne Bemment,144135580-4,2000,3.05
"Apprenticeship of Duddy Kravitz, The",Dougy Charleston,789673619-5,1995,8.49
I Am Legend,Oona Pillington,746138465-1,2006,2.82
Friends with Money,Aviva Rowlatt,724214186-9,2010,7.39
"Hangover Part III, The",Brook Pendre,758885601-7,2005,1.76
Albino Farm,Alden Gill,589964633-0,2007,1.29
Natural Born Killers,Michal Staniland,614436914-7,1999,4.41
For All Mankind,Darleen Labbet,147643723-8,2000,9.63
The Adventures of Tom Thumb & Thumbelina,Julee Petofi,728403447-5,2012,3.33
"Killing Machine, The (Icarus)",Meridith Rate,592777255-2,2002,5.13
Fantastic Voyage,Winslow Duddle,044937940-X,2012,1.89
Captain America,Brittney Nuccitelli,390114074-3,2004,4.01
"Wasp Woman, The",Rebecka Croughan,264353075-6,2006,8.59
"Hit List, The",Shellysheldon Casotti,057837866-3,2009,9.06
Hostile Intentions,Michelle Gokes,808164866-6,1988,5.68
Across the Line: The Exodus of Charlie Wright,Lou Skillman,995285391-2,2006,5.77
"Place Called Chiapas, A",Douglass Robbs,690289995-9,1988,9.32
The Strength of Water,Amos Oxe,431706753-6,2001,3.5
The Secret Country: The First Australians Fight Back,Caril Revens,021903660-8,1994,6.39
House Party,Giffard Perfili,186160267-7,2002,8.57
"Ah, Wilderness!",Rebecka Kop,431402335-X,2005,8.21
Shoot 'Em Up,Keeley Wells,761114615-7,2000,6.79
"Witches, The (Le streghe)",Tansy Robathon,614700110-8,2003,4.34
Crane World (Mundo grúa),Cullie Jandourek,052376300-X,2010,3.01
Ivory Tower,Lorin Shrubsall,785298820-2,1995,5.66
"Devil's in the Details, The",Corinna Lisle,800243516-8,2007,1.84
Control (Kontroll),Cherilyn Pollard,065020401-8,2006,8.4
"Fistful of Dollars, A (Per un pugno di dollari)",Jorgan Milbank,915993965-6,2007,9.09
Recollections of the Yellow House (Recordações da Casa Amarela),Marianna Rubinovici,432041556-6,1989,1.47
Carnegie Hall,Aloin Hamer,531966174-6,1992,1.18
Escape from Planet Earth,Salmon Soame,194719479-8,2007,8.7
Brother Bear,Rozina Eslemont,891925838-4,2002,5.63
SLC Punk!,Ginevra Meaden,677599375-7,2008,9.22
Undercover Man,Minnnie Cundey,197209136-0,2000,8.08
Flame and Citron (Flammen & Citronen),Roderigo Beau,652472820-3,1994,9.41
Tere Bin Laden,Raviv Gearty,566683669-2,1993,9.32
When a Woman Ascends the Stairs (Onna ga kaidan wo agaru toki),Evanne Rendall,577084095-1,2009,1.66
Torso,Dietrich Candwell,896149194-6,2004,3.3
Major Movie Star,Ferdinand McInally,951679254-5,1994,7.88
Atomic Rulers of the World,Freeland Larkkem,427557320-X,2012,2.07
Food Stamped,Gran Ericssen,045160653-1,2010,1.11
Yogi Bear,Jozef Showering,577065370-1,1987,1.02
White Noise 2: The Light,Nahum Flarity,539616452-2,1990,6.88
Carol for Another Christmas,Damara Layland,860341119-0,1995,1.32
Mammoth (Mammut),Karlee Attrill,333450207-4,2001,3.7
Aziz Ansari: Buried Alive,Osmond Reuben,687203119-0,1997,9.24
"Prisoner of Zenda, The",Gaven Abotson,056342629-2,2012,6.36
Campus Radio,Mozelle Crepin,768389229-7,2007,4.63
Dragons Forever,Gabrielle Beiderbeck,768525109-4,1999,8.88
Blood Trails ,Karlyn Alway,010868816-X,2000,3.38
Pretty Bird,Barnabe Doppler,885330174-0,2007,6.1
"Great McGinty, The",Gates Boome,647164169-9,2008,3.07
"Undefeated, The",Gertie Francesconi,705103846-X,2008,7.69
All About My Mother (Todo sobre mi madre),Joannes Dulake,721913965-9,1994,8.4
Wallace & Gromit: The Wrong Trousers,Juliane Weddeburn - Scrimgeour,808098629-0,1996,5.32
Children Shouldn't Play with Dead Things,Caron Dorward,138373068-7,2004,9.84
"Visitors, The",Jenelle Agglione,410930269-2,2008,4.97
"Flight of the Red Balloon (Voyage du ballon rouge, Le)",Bee Gegg,780517736-8,2004,5.03
Innocent Lies,Bethena Verdun,694990459-2,2009,1.35
Go West,Sherlocke Linkin,122424743-4,2009,1.78
"White Balloon, The (Badkonake sefid)",Tamiko Waterfall,267365646-4,2013,2.97
Coast of Death,Clareta Loft,117368414-X,2006,6.29
"Lawless Street, A (Marshal of Medicine Bend)",Noelani Osgardby,968342145-8,2004,3.95
"Story of Seabiscuit, The",Aubrey Trubshawe,303290319-X,2010,4.98
Baran,Bryanty Rault,019333310-4,1997,2.39
La Soufrière - Warten auf eine unausweichliche Katastrophe,Skelly Mallett,463015184-2,2009,1.39
Police,Katina Coger,224673248-4,2008,6.8
"Swan, The",Jillane Sharpus,657540881-8,2002,3.12
Barbie in the Nutcracker,Ashleigh Bennetto,484315600-0,1988,5.79
Slipstream,Annnora Dunphy,107873444-5,1998,5.49
"Almost Man, The (Mer eller mindre mann)",Louisa Lantaph,600674284-5,1990,2.33
Journey to the Far Side of the Sun (a.k.a. Doppelgänger),Bruno Queripel,510202832-4,2008,7.89
"Thing from Another World, The",Corinne Shillabeer,814884051-2,2003,5.2
Saw III,Corabella Tatlow,520701462-5,2009,1.36
Breathing Room,Mick Bozworth,184664312-0,1997,5.48
Camilla,Myles Ladbury,890579809-8,2012,6.61
World's Greatest Dad,Jake MacCosto,504469251-4,1999,3.43
Breathless,Annetta Louth,329468008-2,1992,7.69
The Woman in Black 2: Angel of Death,Quinn Balderstone,530641967-4,1987,7.22
Jonny Vang,Samara Dyte,944947252-1,2008,9.02
"Forsyte Saga, The",Rudolfo Sweet,236460528-8,1996,6.19
The Blue Room,Robinson Whipp,716424275-5,1973,3.74
"Thousand Acres, A",Ulberto Lyfield,155571310-6,1997,2.18
New Waterford Girl,Shurlocke Netting,133106655-7,2006,8.35
Cattle Queen of Montana,Ronnica Howel,683751042-8,1996,7.46
"Human Family Tree, The",Gussie Didball,571565950-7,1986,6.19
The Odyssey,Lucia Malster,327320531-8,2009,9.33
"Son of the Bride (Hijo de la novia, El)",Kylen Hamblett,787338324-5,1988,5.14
Coming to America,Virgilio Perigo,004858356-1,1988,8.27
"Incredible Melting Man, The",Orsola Birrell,075062296-2,1991,1.83
Hi-Yo Silver,Weidar Beagley,161735065-6,1998,8.57
No Man's Land,Chase Chambers,730782619-4,2011,2.07
The Adventures of Tom Thumb & Thumbelina,Emmie Burk,251795304-X,1994,4.37
Limelight,Bobette Gloyens,103336705-2,2001,9.04
Authors Anonymous,Jolene Varah,758780343-2,1999,5.06
Another Gay Movie,Massimiliano Strike,839507735-1,2004,4.38
Mourning Becomes Electra,Wait Brosini,647039328-4,1994,3.64
Enough,Davidde Peachment,524530664-6,1974,5.4
"New Wave, A",Martino Bingham,602533734-9,1994,6.08
Rustlers' Rhapsody,Donella Huff,848682223-8,2006,5.49
Côte d'Azur (Crustacés et coquillages),Tabbie Andrat,269377298-2,1992,1.98
They Came Back (Les Revenants),Isac Nugent,454960915-X,1995,5.26
"Wool Cap, The",Udell Patching,336171309-9,1994,2.18
Rumor Has It...,Chrisse Fawcitt,726497238-0,2007,6.21
Season of Monsters (Szörnyek évadja) ,Cynthia Saggs,995686021-2,2000,5.68
Bigga Than Ben,Barnie Sturges,429695143-2,1989,3.07
Universal Soldier,Aura Saffon,564736413-6,2005,6.02
Crank,Liz Bisacre,647120777-8,1993,1.85
Loser,Kirbie Mathivet,385335597-8,1998,7.34
